"","LocationAbbr","LocationDesc","Income","YearStart","obesity","Overweight","fruit","veg","cardio","mus_car","carLong","muscle","noAct"
"1","AK","Alaska","$15,000 - $24,999",2013.5,30.6666666666667,32.65,47.5333333333333,27.4,51.2,21.0666666666667,34.6,33.1,26.1166666666667
"2","AK","Alaska","$25,000 - $34,999",2013.5,30.1833333333333,35.5333333333333,43.1,22.3666666666667,54.4666666666667,23.4,35,30.9666666666667,24.2666666666667
"3","AK","Alaska","$35,000 - $49,999",2013.5,30.2166666666667,36.8166666666667,39.7,19.1333333333333,57.3666666666667,23.8,36.0666666666667,33.9333333333333,21.4
"4","AK","Alaska","$50,000 - $74,999",2013.5,29.8166666666667,38.35,38.1666666666667,14.2666666666667,57.8666666666667,25.6333333333333,37.6666666666667,36.3,18.1333333333333
"5","AK","Alaska","$75,000 or greater",2013.5,28.45,40.3166666666667,33.8,12.8666666666667,62.5666666666667,27.8666666666667,40.3,36.5,15.0333333333333
"6","AK","Alaska","Data not reported",2013.5,21.7,36.5833333333333,43.7666666666667,26.3666666666667,52.4666666666667,24.1,33.0333333333333,35.8,24.0666666666667
"7","AK","Alaska","Less than $15,000",2013.5,31.9166666666667,30.4166666666667,51,33.2,48.7333333333333,17.7,34.4666666666667,27.1333333333333,30.4
"8","AL","Alabama","$15,000 - $24,999",2013.5,37.8166666666667,31.2166666666667,48.2,32.6666666666667,39.3666666666667,12.3,22.2,21.3666666666667,36.6333333333333
"9","AL","Alabama","$25,000 - $34,999",2013.5,34.5666666666667,33.9833333333333,48.4666666666667,28.5333333333333,42.4666666666667,15.1666666666667,27.2,25.7,31.9166666666667
"10","AL","Alabama","$35,000 - $49,999",2013.5,34.5666666666667,37.6166666666667,43.3333333333333,22.3333333333333,46.7666666666667,16.8666666666667,26.1666666666667,25.8333333333333,26.3166666666667
"11","AL","Alabama","$50,000 - $74,999",2013.5,34.3,38.4166666666667,44,18.5666666666667,46.2666666666667,19.4666666666667,27.7333333333333,29.0333333333333,24.3166666666667
"12","AL","Alabama","$75,000 or greater",2013.5,30.4666666666667,36.9666666666667,42.1,16.2333333333333,53.4333333333333,20.6666666666667,30.4333333333333,29.7,18.2166666666667
"13","AL","Alabama","Data not reported",2013.5,28.4,33.7166666666667,46.6333333333333,28.6333333333333,40.1666666666667,14.7,23.7,24.7666666666667,33.7
"14","AL","Alabama","Less than $15,000",2013.5,38.55,27.9166666666667,51.1,37.5666666666667,38.4666666666667,10.7666666666667,22.8666666666667,18.3,41.4833333333333
"15","AR","Arkansas","$15,000 - $24,999",2013.5,34.4666666666667,33.6,52.4,34.1,38.3333333333333,12.1333333333333,22.7,20.2,40.4333333333333
"16","AR","Arkansas","$25,000 - $34,999",2013.5,34.55,35.4833333333333,47.8333333333333,25.7666666666667,42.4,16.7333333333333,25.2,23.3666666666667,32.35
"17","AR","Arkansas","$35,000 - $49,999",2013.5,35.3,36.7333333333333,47.1666666666667,21.4,45.3666666666667,13.0333333333333,28.6333333333333,24.2666666666667,28.4166666666667
"18","AR","Arkansas","$50,000 - $74,999",2013.5,34.3333333333333,37.75,45.3333333333333,23.5333333333333,47.7666666666667,19.5333333333333,30.2333333333333,28.5666666666667,26.4666666666667
"19","AR","Arkansas","$75,000 or greater",2013.5,30.8333333333333,39.7666666666667,44.9,20.5333333333333,53.7666666666667,21.7333333333333,30.4333333333333,31.0666666666667,18.25
"20","AR","Arkansas","Data not reported",2013.5,31.0833333333333,31.2666666666667,49.6,33.0333333333333,43.7666666666667,13.3333333333333,29.6,21.4333333333333,35.0333333333333
"21","AR","Arkansas","Less than $15,000",2013.5,40.55,25.7166666666667,55.7666666666667,36.4,37.3333333333333,11.5,24.9,18.3666666666667,43.3833333333333
"22","AZ","Arizona","$15,000 - $24,999",2013.5,33.2333333333333,34.3166666666667,43.2,25.9333333333333,45.3666666666667,17.7,28.8333333333333,25.1666666666667,32.25
"23","AZ","Arizona","$25,000 - $34,999",2013.5,26.8,35.8166666666667,39.0333333333333,23.0333333333333,51.1666666666667,19.2333333333333,31.2333333333333,27.3,24.7333333333333
"24","AZ","Arizona","$35,000 - $49,999",2013.5,26.65,38.4166666666667,40.4333333333333,23.3333333333333,57.6666666666667,26.3666666666667,35.8333333333333,33.7333333333333,21.1833333333333
"25","AZ","Arizona","$50,000 - $74,999",2013.5,27.3333333333333,37.35,34.6666666666667,19.0333333333333,56.1,24.0666666666667,34.6333333333333,33.5333333333333,18.1166666666667
"26","AZ","Arizona","$75,000 or greater",2013.5,23.4833333333333,38.3666666666667,34.6333333333333,15.6333333333333,60.5333333333333,29.5333333333333,38.4,40.5666666666667,12.7
"27","AZ","Arizona","Data not reported",2013.5,23.55,33.2666666666667,38.3333333333333,20.1666666666667,50.4333333333333,22.0333333333333,34.7333333333333,30.6333333333333,27.15
"28","AZ","Arizona","Less than $15,000",2013.5,33.1333333333333,31.6666666666667,46.1,28.6,43.3333333333333,14.0333333333333,26.0666666666667,21.9666666666667,34.1
"29","CA","California","$15,000 - $24,999",2013.5,28.8166666666667,35.2666666666667,32.2333333333333,20.3666666666667,50.2,18.2333333333333,29.2333333333333,27.7333333333333,26.5666666666667
"30","CA","California","$25,000 - $34,999",2013.5,27.6166666666667,37.7166666666667,32.2666666666667,19.6333333333333,54.0333333333333,21.8,35.7,31.2,24.7833333333333
"31","CA","California","$35,000 - $49,999",2013.5,24.9333333333333,37.6166666666667,32.5333333333333,17.4666666666667,54.8333333333333,22.0666666666667,34.8666666666667,32.1666666666667,21.0166666666667
"32","CA","California","$50,000 - $74,999",2013.5,25.3333333333333,37.0833333333333,32.5666666666667,16.1,59.3666666666667,25,37.1666666666667,34.6333333333333,19.1833333333333
"33","CA","California","$75,000 or greater",2013.5,19.7833333333333,36.9833333333333,28.9666666666667,11.7,65.2333333333333,29.7333333333333,40.2666666666667,39.3,11.4
"34","CA","California","Data not reported",2013.5,19.2,31.7,33.2333333333333,20.1666666666667,58.5,24.7,38.1,31.7333333333333,21.05
"35","CA","California","Less than $15,000",2013.5,30.0333333333333,33.2,37.1666666666667,24.7333333333333,49.4666666666667,16.7,31.7333333333333,25.0666666666667,30.0833333333333
"36","CO","Colorado","$15,000 - $24,999",2013.5,23.7666666666667,33.8166666666667,39.6333333333333,23.6666666666667,53.6,21.4,35.4,29.7666666666667,26.1833333333333
"37","CO","Colorado","$25,000 - $34,999",2013.5,23.4833333333333,35.1666666666667,37.6333333333333,22.8666666666667,57.6,22.8333333333333,37.5666666666667,32.9666666666667,21.15
"38","CO","Colorado","$35,000 - $49,999",2013.5,22,37.05,36.9,18.9333333333333,59.6666666666667,26.7,38.9333333333333,35.8666666666667,17.6166666666667
"39","CO","Colorado","$50,000 - $74,999",2013.5,21.65,38.3333333333333,34.4333333333333,16.1666666666667,62.9666666666667,26.6333333333333,38.9333333333333,35.8,13.5666666666667
"40","CO","Colorado","$75,000 or greater",2013.5,18.7333333333333,37.8333333333333,31.1333333333333,12.4333333333333,68.8666666666667,32.9333333333333,43.8666666666667,42.0666666666667,8.61666666666667
"41","CO","Colorado","Data not reported",2013.5,17.9833333333333,30.7333333333333,36.1333333333333,22.4,56.5666666666667,23.9333333333333,38.1666666666667,32.5666666666667,20.1833333333333
"42","CO","Colorado","Less than $15,000",2013.5,25.6833333333333,30.4666666666667,44.3,29.6333333333333,50.2666666666667,19.8666666666667,33.2333333333333,27.2333333333333,29.7666666666667
"43","CT","Connecticut","$15,000 - $24,999",2013.5,31.25,34.8,37.7666666666667,27.1,44.5333333333333,15.8333333333333,28.5333333333333,25.1666666666667,34.2833333333333
"44","CT","Connecticut","$25,000 - $34,999",2013.5,27.9333333333333,36.3666666666667,36.0666666666667,21.4666666666667,45.6333333333333,17.9666666666667,30,27.8666666666667,30.2
"45","CT","Connecticut","$35,000 - $49,999",2013.5,27.6833333333333,36.5833333333333,34.1666666666667,22.6,50.9,19.2333333333333,32.0333333333333,27.7,26.7166666666667
"46","CT","Connecticut","$50,000 - $74,999",2013.5,26.9,38.5,32.2333333333333,18.2333333333333,54.3333333333333,21.2,32.6333333333333,30.9,20.7833333333333
"47","CT","Connecticut","$75,000 or greater",2013.5,21.8833333333333,37.5666666666667,28.9333333333333,14.4333333333333,60.8,26.2333333333333,36.6333333333333,35.6666666666667,13.1666666666667
"48","CT","Connecticut","Data not reported",2013.5,22,31.3333333333333,35.2333333333333,25.2333333333333,49.7666666666667,19.6666666666667,31.6,28.9333333333333,26.1666666666667
"49","CT","Connecticut","Less than $15,000",2013.5,33.95,33.7666666666667,46.8666666666667,33.4333333333333,37.1666666666667,14.6333333333333,23.4666666666667,23.4666666666667,38.2
"50","DC","District of Columbia","$15,000 - $24,999",2013.5,32.2333333333333,28.8166666666667,38,29.8333333333333,52.6,17.3333333333333,30.7333333333333,23.7333333333333,29.2333333333333
"51","DC","District of Columbia","$25,000 - $34,999",2013.5,26.35,32.1833333333333,38.4,23.8666666666667,51.1666666666667,20.3333333333333,30.8666666666667,29.0333333333333,28.4333333333333
"52","DC","District of Columbia","$35,000 - $49,999",2013.5,26.5833333333333,32.1333333333333,39.2333333333333,23.9333333333333,55.3666666666667,25.6333333333333,31.3333333333333,35.7333333333333,21.1
"53","DC","District of Columbia","$50,000 - $74,999",2013.5,20.9,31.2,32.5666666666667,14.7,56.6,24.2666666666667,35.1333333333333,40.5333333333333,12.8
"54","DC","District of Columbia","$75,000 or greater",2013.5,13.4,32.7833333333333,28.0666666666667,9.53333333333333,68.2,33.2,39.2,43.4,8.58333333333333
"55","DC","District of Columbia","Data not reported",2013.5,24.4333333333333,28.05,37.3333333333333,25.3333333333333,49.9333333333333,20.4,34.4666666666667,30.2666666666667,23.8666666666667
"56","DC","District of Columbia","Less than $15,000",2013.5,34.65,29.7,43.6333333333333,37.0333333333333,45.8333333333333,16.0666666666667,31.1,21.9333333333333,32.05
"57","DE","Delaware","$15,000 - $24,999",2013.5,35.2166666666667,33.35,44.2666666666667,31.2333333333333,35.7333333333333,13.5333333333333,21.9,25.3666666666667,40.65
"58","DE","Delaware","$25,000 - $34,999",2013.5,32.9833333333333,35.3166666666667,40.5,25.5333333333333,46.0666666666667,18.9666666666667,31.0666666666667,30.7333333333333,32.4333333333333
"59","DE","Delaware","$35,000 - $49,999",2013.5,32.1833333333333,37.6166666666667,39.0666666666667,26.2333333333333,50.1,21.2,32.2333333333333,33.7,27.7333333333333
"60","DE","Delaware","$50,000 - $74,999",2013.5,29.8333333333333,38.5166666666667,39.3,21.1333333333333,50.2666666666667,21.5666666666667,28.6,29.9,21.8
"61","DE","Delaware","$75,000 or greater",2013.5,26.4833333333333,39.1166666666667,34.6666666666667,16.9333333333333,56.5,26.5666666666667,33.0333333333333,37.2666666666667,15.7833333333333
"62","DE","Delaware","Data not reported",2013.5,23.3,34.95,39.8333333333333,28.1,48.4333333333333,19.6,30,29.3,27.1333333333333
"63","DE","Delaware","Less than $15,000",2013.5,35.7,30.65,45.5333333333333,36.5,40.9,15,27.9666666666667,23.8,41.9166666666667
"64","FL","Florida","$15,000 - $24,999",2013.5,29.7333333333333,34.7666666666667,39.1333333333333,25.9333333333333,46.0666666666667,16.7666666666667,29.1666666666667,24.6333333333333,33.95
"65","FL","Florida","$25,000 - $34,999",2013.5,27.8833333333333,37.2666666666667,40.6,23,46.9,17.7,29.7,27.1333333333333,29.4166666666667
"66","FL","Florida","$35,000 - $49,999",2013.5,27.5833333333333,38.0666666666667,36.4,19.4,51.3666666666667,19.6333333333333,32.3333333333333,28.8,24.6
"67","FL","Florida","$50,000 - $74,999",2013.5,26.7,38.4166666666667,36.3,17.1333333333333,56.1,22.5333333333333,35.2,33.1333333333333,19.8333333333333
"68","FL","Florida","$75,000 or greater",2013.5,23.1666666666667,39.15,33.5666666666667,15.0333333333333,62.5,29.2,39.1666666666667,39.2,13.5333333333333
"69","FL","Florida","Data not reported",2013.5,21.15,34.4166666666667,38.4666666666667,22.0666666666667,50.7666666666667,21.1,33.3666666666667,29.3666666666667,29.1333333333333
"70","FL","Florida","Less than $15,000",2013.5,31.1333333333333,32.05,47.7,33.5666666666667,39.6,14.2666666666667,24.7333333333333,23.1,41.1333333333333
"71","GA","Georgia","$15,000 - $24,999",2013.5,34.0166666666667,32.6,46.5333333333333,29.3333333333333,42.4666666666667,16.9,28.5333333333333,25.5666666666667,34.3333333333333
"72","GA","Georgia","$25,000 - $34,999",2013.5,31.9166666666667,35.3333333333333,44.1333333333333,28.0666666666667,49.0333333333333,18.4,30.1333333333333,27.8333333333333,30.3333333333333
"73","GA","Georgia","$35,000 - $49,999",2013.5,32.4833333333333,35.6166666666667,41.7666666666667,21.6,49.4666666666667,20.7666666666667,30.1666666666667,31.2666666666667,24.6833333333333
"74","GA","Georgia","$50,000 - $74,999",2013.5,31.2833333333333,37.75,41.8333333333333,19.0333333333333,53.2333333333333,21.1333333333333,31.6666666666667,30.6,20.5
"75","GA","Georgia","$75,000 or greater",2013.5,24.5833333333333,38.9,37.4666666666667,14.8,58.7666666666667,26.1,35.6333333333333,37.8666666666667,13.7833333333333
"76","GA","Georgia","Data not reported",2013.5,24.7,32.2166666666667,43.8,27.5333333333333,49.6333333333333,20.1333333333333,32.1333333333333,29.4333333333333,29.8666666666667
"77","GA","Georgia","Less than $15,000",2013.5,35.9666666666667,29.85,52.0333333333333,33.2666666666667,41,14.3666666666667,27.0333333333333,23.2333333333333,39.2833333333333
"78","GU","Guam","$15,000 - $24,999",2015,28.6,35.9333333333333,48.8,28.6,44.8,17.9,31.5,30.1,34.3666666666667
"79","GU","Guam","$25,000 - $34,999",2015,30.0333333333333,33.8,42.1,27.7,53.5,22.2,36.3,33,27.0666666666667
"80","GU","Guam","$35,000 - $49,999",2015,30.2333333333333,36,45,32.2,46.4,20.2,29.2,35.3,25.4
"81","GU","Guam","$50,000 - $74,999",2015,31.2666666666667,42.6666666666667,35.8,20.5,49.6,27.8,32.4,38.5,23.5333333333333
"82","GU","Guam","$75,000 or greater",2015,26.8,40.3333333333333,37.9,16.2,56.8,27.9,40.5,34.6,16.3333333333333
"83","GU","Guam","Data not reported",2015,28.2,29.8,52.4,34.6,49.1,19.4,27.2,30.1,31.5
"84","GU","Guam","Less than $15,000",2015,30.6,31.2,43.8,30.4,42.2,15.7,23.8,24.1,45.5333333333333
"85","HI","Hawaii","$15,000 - $24,999",2013.5,23.6666666666667,31.5166666666667,42.8,27.3333333333333,55.0666666666667,21.5666666666667,36.8,30.0666666666667,26.0833333333333
"86","HI","Hawaii","$25,000 - $34,999",2013.5,22.5,32.9833333333333,36.0666666666667,22.7,54.9,21.8333333333333,34.8,30.8666666666667,25.45
"87","HI","Hawaii","$35,000 - $49,999",2013.5,23.1833333333333,34.1333333333333,41.1,23.2333333333333,60.0333333333333,25.1,39.7,33.9,20.4
"88","HI","Hawaii","$50,000 - $74,999",2013.5,24.7166666666667,35.05,38.5,21.0666666666667,59.5666666666667,24.9,37.9333333333333,33.7,18.3
"89","HI","Hawaii","$75,000 or greater",2013.5,21.6666666666667,37,37.7,16.5,63.0666666666667,28.2333333333333,40.6,37.3,14.8
"90","HI","Hawaii","Data not reported",2013.5,17.25,30.3166666666667,43.4666666666667,26.4,55.0666666666667,22.0333333333333,36.8333333333333,32.0333333333333,23.4166666666667
"91","HI","Hawaii","Less than $15,000",2013.5,26.4666666666667,30.7,45.4,33.3333333333333,49.9333333333333,20.3666666666667,35.8666666666667,28.1666666666667,31.1
"92","IA","Iowa","$15,000 - $24,999",2013.5,34.6333333333333,32.9666666666667,43.4666666666667,31.8333333333333,42.1333333333333,15.6,23.5,24.0666666666667,33.5
"93","IA","Iowa","$25,000 - $34,999",2013.5,33.2666666666667,35.65,40.7,26.5333333333333,45.4666666666667,14.4333333333333,25.4666666666667,22.4333333333333,30.6666666666667
"94","IA","Iowa","$35,000 - $49,999",2013.5,32.4166666666667,36.4666666666667,41.0666666666667,27.6666666666667,45.9,16.6,26.2333333333333,27.2333333333333,25.9333333333333
"95","IA","Iowa","$50,000 - $74,999",2013.5,33.3333333333333,37.9833333333333,40.9333333333333,24.1333333333333,49.1,16.7333333333333,27.0666666666667,26.3,20.3
"96","IA","Iowa","$75,000 or greater",2013.5,27.95,38.35,35.7333333333333,21.6333333333333,56.5,25.3666666666667,31.3333333333333,36.4,15.2
"97","IA","Iowa","Data not reported",2013.5,24.8166666666667,31.4333333333333,37.8,30.2,42.9333333333333,15.4,27.6,25.1666666666667,28.8166666666667
"98","IA","Iowa","Less than $15,000",2013.5,34.3666666666667,29.0333333333333,49.8,34.8,39.5666666666667,13.6333333333333,24.0333333333333,25.4,36.1
"99","ID","Idaho","$15,000 - $24,999",2013.5,31.3833333333333,31.85,42.5666666666667,23.4666666666667,48.6666666666667,16.2666666666667,31.2333333333333,24.3,28.0833333333333
"100","ID","Idaho","$25,000 - $34,999",2013.5,29.0666666666667,37.5,42.2666666666667,21.5333333333333,52.9666666666667,20.5333333333333,31.2666666666667,29,23.6
"101","ID","Idaho","$35,000 - $49,999",2013.5,30.5666666666667,38.2333333333333,37.7,19.7333333333333,55.6,19.7,33.7,28.2666666666667,21.3333333333333
"102","ID","Idaho","$50,000 - $74,999",2013.5,28.8,38.6166666666667,35.1333333333333,15.8666666666667,57.6666666666667,22.2666666666667,35.5,31.2666666666667,15.6333333333333
"103","ID","Idaho","$75,000 or greater",2013.5,23.6,38.9,32.5,12.0666666666667,64.9666666666667,29.8333333333333,42.3333333333333,38.3,10.9666666666667
"104","ID","Idaho","Data not reported",2013.5,23.05,34.5666666666667,38.0666666666667,22.9333333333333,55.8666666666667,19.7666666666667,36.6666666666667,27.5666666666667,24.2833333333333
"105","ID","Idaho","Less than $15,000",2013.5,30.7333333333333,30.05,47,29.4333333333333,47.5333333333333,16.3,28.9,27.9,29.8833333333333
"106","IL","Illinois","$15,000 - $24,999",2013.5,32.7333333333333,34.8666666666667,39.5333333333333,29.4,44.6333333333333,17.4333333333333,29,26.0333333333333,31.6833333333333
"107","IL","Illinois","$25,000 - $34,999",2013.5,30.6,35.4166666666667,40.8666666666667,27.0666666666667,46.2666666666667,16.9,29.8,26.6333333333333,30.6333333333333
"108","IL","Illinois","$35,000 - $49,999",2013.5,29.25,36.95,36.0666666666667,24.7,49.2,19.3,29,30.1333333333333,25.3333333333333
"109","IL","Illinois","$50,000 - $74,999",2013.5,30.4833333333333,36.2666666666667,38.6333333333333,21.6,53.6,23.5,34.1,32.9666666666667,20.1833333333333
"110","IL","Illinois","$75,000 or greater",2013.5,26.3,37.3,32.7333333333333,18.9666666666667,58.3,26.2333333333333,32.9,36.2333333333333,15.3833333333333
"111","IL","Illinois","Data not reported",2013.5,23.1,30.8,36.1333333333333,24.4333333333333,50.3666666666667,21.7666666666667,33.0333333333333,30.5333333333333,25.85
"112","IL","Illinois","Less than $15,000",2013.5,34.55,27.75,42.6333333333333,36.5,43.4666666666667,16.3,27.8333333333333,23.7666666666667,36.8333333333333
"113","IN","Indiana","$15,000 - $24,999",2013.5,34.9333333333333,32.75,45.7,33.1333333333333,39.5,14.5666666666667,23,23.8666666666667,37.6166666666667
"114","IN","Indiana","$25,000 - $34,999",2013.5,33.6166666666667,35.0666666666667,44.6333333333333,30.7333333333333,40.4666666666667,12.2333333333333,25.1333333333333,22.2666666666667,33.7333333333333
"115","IN","Indiana","$35,000 - $49,999",2013.5,32.7,36.15,42.8333333333333,26.5,44.4666666666667,14.9333333333333,25.4333333333333,23.8,27.1833333333333
"116","IN","Indiana","$50,000 - $74,999",2013.5,33.4666666666667,36.05,42.8666666666667,21.6666666666667,47.4,17.0333333333333,27.4333333333333,27.6,22.25
"117","IN","Indiana","$75,000 or greater",2013.5,27.5,37.8166666666667,34.7333333333333,17.2,53.5,22.5333333333333,30.5,32.9,15.4166666666667
"118","IN","Indiana","Data not reported",2013.5,27,33.2333333333333,43.2333333333333,30.0333333333333,43.4666666666667,15.0666666666667,27.4666666666667,24.0666666666667,30.5
"119","IN","Indiana","Less than $15,000",2013.5,36.35,28.95,51.4666666666667,38.3666666666667,36.3,12.4,24.3333333333333,22.8333333333333,40.9666666666667
"120","KS","Kansas","$15,000 - $24,999",2013.5,34.3333333333333,32.6166666666667,45,26.2333333333333,40.9,13.9333333333333,25.4333333333333,23.3333333333333,34.8333333333333
"121","KS","Kansas","$25,000 - $34,999",2013.5,33.85,34.3,43.9333333333333,23.5,45.7333333333333,15.6,28.3,23.6666666666667,29.2333333333333
"122","KS","Kansas","$35,000 - $49,999",2013.5,33.4166666666667,35.85,43.5333333333333,21.7666666666667,49.7,18.3,28.7666666666667,26.6666666666667,24.5
"123","KS","Kansas","$50,000 - $74,999",2013.5,32.0833333333333,37.1333333333333,42.1,19.4666666666667,51.4333333333333,19.2333333333333,29.5,28.5666666666667,21.15
"124","KS","Kansas","$75,000 or greater",2013.5,26.9666666666667,38.5166666666667,37.5333333333333,16.4333333333333,57.0333333333333,23.1333333333333,32.7666666666667,32.7666666666667,14.4
"125","KS","Kansas","Data not reported",2013.5,26.1333333333333,32.3,41.9,26.9666666666667,44.5333333333333,15.4,26.7,24.2,28.3333333333333
"126","KS","Kansas","Less than $15,000",2013.5,36.2833333333333,28.0166666666667,49.5666666666667,32.8333333333333,40.6,13.1,24.9666666666667,20.4,36.25
"127","KY","Kentucky","$15,000 - $24,999",2013.5,37.0666666666667,31.7666666666667,51.1666666666667,27.4,39.7666666666667,11.7333333333333,25.2666666666667,22.1333333333333,37.9
"128","KY","Kentucky","$25,000 - $34,999",2013.5,34.85,35.2,48.9333333333333,28,43.4,15.5,25.0666666666667,24.7,32.2166666666667
"129","KY","Kentucky","$35,000 - $49,999",2013.5,34.35,35.95,47,23.0666666666667,45.2333333333333,16.2333333333333,27.8,26.8333333333333,28.8
"130","KY","Kentucky","$50,000 - $74,999",2013.5,34.2833333333333,36.4666666666667,46.7,20.9333333333333,46.8333333333333,17.8333333333333,28.6666666666667,27.8666666666667,24.3333333333333
"131","KY","Kentucky","$75,000 or greater",2013.5,28.6333333333333,39.8166666666667,40.9333333333333,14.5666666666667,57.9,24.3,35.2666666666667,33.9,16.1666666666667
"132","KY","Kentucky","Data not reported",2013.5,28.25,32.6833333333333,43.9666666666667,27.7333333333333,44.2,17.3,28.5666666666667,26.4666666666667,33.7
"133","KY","Kentucky","Less than $15,000",2013.5,36.2166666666667,29.9833333333333,54.0666666666667,36.0333333333333,38.2333333333333,11.9666666666667,25.4,20.8333333333333,42.0166666666667
"134","LA","Louisiana","$15,000 - $24,999",2013.5,38.6333333333333,31.8333333333333,48.7333333333333,40.7333333333333,38.4666666666667,14.6666666666667,24.6666666666667,22.1333333333333,38.1
"135","LA","Louisiana","$25,000 - $34,999",2013.5,35.4333333333333,35.4666666666667,43.1,32.7333333333333,47.5,17.5,30.4666666666667,25,30.5
"136","LA","Louisiana","$35,000 - $49,999",2013.5,37.3,34.2333333333333,50.5333333333333,28.9333333333333,45.2666666666667,19.3,25.1333333333333,26.9666666666667,28.1166666666667
"137","LA","Louisiana","$50,000 - $74,999",2013.5,33.0833333333333,38.85,48.2666666666667,23.4333333333333,47.7666666666667,18.7333333333333,26.2666666666667,28.5,26.1166666666667
"138","LA","Louisiana","$75,000 or greater",2013.5,32.2,37.0333333333333,47.7666666666667,20.7666666666667,53.2,21.3,32.0666666666667,30.8666666666667,19.5833333333333
"139","LA","Louisiana","Data not reported",2013.5,27.5833333333333,32.2,46.9,35.9,41.5,16.4,27.0666666666667,24.7333333333333,33.6666666666667
"140","LA","Louisiana","Less than $15,000",2013.5,39.8166666666667,28.55,51.1,45.2333333333333,35.1333333333333,10.2333333333333,23.2,19.2,45.2
"141","MA","Massachusetts","$15,000 - $24,999",2013.5,28.6666666666667,32.7833333333333,35.4,27.2,45.9666666666667,17.3666666666667,29.7333333333333,27.5,33.3333333333333
"142","MA","Massachusetts","$25,000 - $34,999",2013.5,24.9166666666667,35.0666666666667,32.8333333333333,23.6,47.7666666666667,18.3333333333333,29.9,26.9,29.5833333333333
"143","MA","Massachusetts","$35,000 - $49,999",2013.5,26.25,36.5666666666667,33.2666666666667,24.4333333333333,52.8666666666667,20.9333333333333,35.5,30.8333333333333,23.2833333333333
"144","MA","Massachusetts","$50,000 - $74,999",2013.5,25.95,36.3333333333333,31.4,17.4666666666667,55.2,22.4333333333333,34.6,31.3666666666667,19.5166666666667
"145","MA","Massachusetts","$75,000 or greater",2013.5,19.5,38.55,29.3666666666667,12.3333333333333,61.7333333333333,28.1333333333333,37.1333333333333,38.1,12.3333333333333
"146","MA","Massachusetts","Data not reported",2013.5,20.6,33.4666666666667,34.1333333333333,22.8333333333333,51.5,21.4333333333333,33.9666666666667,30,26.8666666666667
"147","MA","Massachusetts","Less than $15,000",2013.5,31.3166666666667,30.0833333333333,42.1666666666667,29.7666666666667,43.7333333333333,15.3333333333333,26.9666666666667,23.2333333333333,35.3333333333333
"148","MD","Maryland","$15,000 - $24,999",2013.5,32.8833333333333,31.95,40.1333333333333,28.6,41.8,15.8666666666667,26.8666666666667,26.5,36.2
"149","MD","Maryland","$25,000 - $34,999",2013.5,31.0166666666667,35.5666666666667,35.3333333333333,26.5,45.3,16.6666666666667,25.5,27.3333333333333,30.4166666666667
"150","MD","Maryland","$35,000 - $49,999",2013.5,33.75,34.2,38.2,24.6333333333333,49.6,19.2333333333333,28.7,28.3333333333333,26.75
"151","MD","Maryland","$50,000 - $74,999",2013.5,30.3666666666667,37.5166666666667,35.6,19.4666666666667,47.5,21.0333333333333,27.2666666666667,32.9333333333333,22.7666666666667
"152","MD","Maryland","$75,000 or greater",2013.5,25.5,38.5833333333333,31.9,15.1333333333333,57.5,26.4666666666667,32.6,36.9333333333333,14.5666666666667
"153","MD","Maryland","Data not reported",2013.5,24.4,33.7833333333333,37.7666666666667,26.5666666666667,48.7,20.3333333333333,29.8666666666667,29.4,25.7166666666667
"154","MD","Maryland","Less than $15,000",2013.5,35.4166666666667,29.4833333333333,46.9666666666667,34.2,38.9,15.0666666666667,25.3,24.0666666666667,38.7666666666667
"155","ME","Maine","$15,000 - $24,999",2013.5,32.6666666666667,32.9,39.4,23.3333333333333,48.3333333333333,15.7,32.5,24.3,30.3666666666667
"156","ME","Maine","$25,000 - $34,999",2013.5,30.8,35.7166666666667,34.4333333333333,19.7,52.6666666666667,18.1333333333333,33.6666666666667,25.7333333333333,24.5833333333333
"157","ME","Maine","$35,000 - $49,999",2013.5,30.5,38.0166666666667,33.4333333333333,15.9666666666667,55.2333333333333,18.6,34.8666666666667,26,22.1
"158","ME","Maine","$50,000 - $74,999",2013.5,28.1333333333333,39.7333333333333,30.7666666666667,14.3,57.4666666666667,22.6666666666667,37.1666666666667,31.4333333333333,17.85
"159","ME","Maine","$75,000 or greater",2013.5,24,39.5333333333333,26.2333333333333,10.8666666666667,63.6666666666667,26.5333333333333,40.8333333333333,35.1666666666667,11.2666666666667
"160","ME","Maine","Data not reported",2013.5,24.45,32.65,36.9666666666667,23.2,50.5333333333333,17.2666666666667,33.0333333333333,26.8333333333333,25.3666666666667
"161","ME","Maine","Less than $15,000",2013.5,34.9,29.3333333333333,46.1333333333333,30.5,46.3,14.9,31.6333333333333,22.6666666666667,34.2833333333333
"162","MI","Michigan","$15,000 - $24,999",2013.5,35.4666666666667,32.5166666666667,42.8666666666667,27.7333333333333,49.0333333333333,15.6666666666667,34.0666666666667,23.8333333333333,32.5666666666667
"163","MI","Michigan","$25,000 - $34,999",2013.5,33.5333333333333,35.5666666666667,42.1333333333333,28.1,47.6,16.7666666666667,32.2,27.2,29.6666666666667
"164","MI","Michigan","$35,000 - $49,999",2013.5,33.3666666666667,35.7666666666667,35.4333333333333,22,53.1666666666667,17.8333333333333,34.4666666666667,26.3666666666667,23.8333333333333
"165","MI","Michigan","$50,000 - $74,999",2013.5,32.0666666666667,36.1,36.3666666666667,20.5333333333333,55.8,20.5333333333333,34.8666666666667,29.4666666666667,20.05
"166","MI","Michigan","$75,000 or greater",2013.5,27.4666666666667,37.7,32.8,16.8333333333333,59.5666666666667,25.1,33.5666666666667,35.3,14.1666666666667
"167","MI","Michigan","Data not reported",2013.5,26.5833333333333,32.8333333333333,39.1666666666667,28.5666666666667,52.2666666666667,19.7666666666667,34.5333333333333,28.5666666666667,26.0666666666667
"168","MI","Michigan","Less than $15,000",2013.5,35.5166666666667,28.9,45.1666666666667,35.5,44.2333333333333,15.5333333333333,30.4,26.2333333333333,35.8166666666667
"169","MN","Minnesota","$15,000 - $24,999",2013.5,30.65,33.8333333333333,42.6333333333333,29.5666666666667,47.8666666666667,17.4333333333333,30.9,27.2,29.6833333333333
"170","MN","Minnesota","$25,000 - $34,999",2013.5,28.6,35.1666666666667,40.1666666666667,26,47.9666666666667,18.9666666666667,29.8666666666667,28.1,27.2166666666667
"171","MN","Minnesota","$35,000 - $49,999",2013.5,28.6833333333333,37.8166666666667,38.4666666666667,25.3,51.6333333333333,19,31.2,27.9,22.4833333333333
"172","MN","Minnesota","$50,000 - $74,999",2013.5,28.7166666666667,38.1166666666667,36.7333333333333,21.7666666666667,56.1,20.8666666666667,34.4666666666667,30.4333333333333,17.5666666666667
"173","MN","Minnesota","$75,000 or greater",2013.5,23.3333333333333,39.3333333333333,32.5,16.4666666666667,60.7,26.3,35.0333333333333,36.3,11.7333333333333
"174","MN","Minnesota","Data not reported",2013.5,21.6833333333333,33.35,37.7333333333333,26.1666666666667,50.4333333333333,19.1,30.9,28.6666666666667,24.1833333333333
"175","MN","Minnesota","Less than $15,000",2013.5,29.3166666666667,30.45,43.4,33.4,46.6,17.5,30.2,28.4333333333333,31.7
"176","MO","Missouri","$15,000 - $24,999",2013.5,34.0166666666667,33.6,48.2,28.3,45.5666666666667,15.8,30.8,21.6,35.1
"177","MO","Missouri","$25,000 - $34,999",2013.5,33.2166666666667,35.1833333333333,44.3666666666667,25.3666666666667,48.6666666666667,16.7333333333333,30.3333333333333,24.3,28.9666666666667
"178","MO","Missouri","$35,000 - $49,999",2013.5,31.4333333333333,38.0166666666667,42.9,21.5,48.6333333333333,15.3333333333333,30.4,22.8333333333333,27.5333333333333
"179","MO","Missouri","$50,000 - $74,999",2013.5,31.1666666666667,37.9,42.9,21.4333333333333,50.8666666666667,20.2666666666667,29.3333333333333,30.8666666666667,21.8666666666667
"180","MO","Missouri","$75,000 or greater",2013.5,28.5833333333333,38.6,37.7333333333333,15.5333333333333,56.8666666666667,23.4666666666667,34.1333333333333,34.7,15.7166666666667
"181","MO","Missouri","Data not reported",2013.5,25.8,30.7333333333333,42.9333333333333,27.9333333333333,48.3333333333333,15.3333333333333,32.8333333333333,24.1,28.1666666666667
"182","MO","Missouri","Less than $15,000",2013.5,34.4,27.7666666666667,53.3,38.9333333333333,41.1666666666667,13.7666666666667,25.5666666666667,21.5,37.7
"183","MS","Mississippi","$15,000 - $24,999",2013.5,40,31.6,52.9,36.9666666666667,36.0666666666667,12.9,22.3333333333333,22.2,38.8333333333333
"184","MS","Mississippi","$25,000 - $34,999",2013.5,36.35,34.05,51.3666666666667,33.3,38.1,14.4,23,24.5,35.2
"185","MS","Mississippi","$35,000 - $49,999",2013.5,34.9166666666667,37.45,46.6666666666667,25.8666666666667,40.7666666666667,17.4666666666667,23.5666666666667,27.6,29.75
"186","MS","Mississippi","$50,000 - $74,999",2013.5,34.8666666666667,38.65,46.8,22.6666666666667,45.6333333333333,19.2666666666667,25.4666666666667,28.7333333333333,24.5
"187","MS","Mississippi","$75,000 or greater",2013.5,29.8666666666667,39.75,45.9666666666667,18.3,47.9666666666667,20.4666666666667,26.3666666666667,32.2333333333333,20.8666666666667
"188","MS","Mississippi","Data not reported",2013.5,29.7666666666667,32.9333333333333,51.3333333333333,35.9333333333333,35.2,12.5666666666667,22.2,22.8,36.6166666666667
"189","MS","Mississippi","Less than $15,000",2013.5,40.8333333333333,28.6666666666667,56.5666666666667,42.0333333333333,28.5666666666667,8.93333333333333,16.6666666666667,18.5333333333333,46.75
"190","MT","Montana","$15,000 - $24,999",2013.5,27.25,34.4833333333333,44.3333333333333,23.4666666666667,53.6666666666667,18.2333333333333,36.3666666666667,27.2333333333333,26.3
"191","MT","Montana","$25,000 - $34,999",2013.5,26.15,37.0833333333333,39.0333333333333,20.4666666666667,54.1333333333333,19.5333333333333,37.3666666666667,28.4,24.4333333333333
"192","MT","Montana","$35,000 - $49,999",2013.5,25.1666666666667,38.6666666666667,38.7333333333333,20.4666666666667,56.9,23.3,37.8666666666667,31.0666666666667,21.2833333333333
"193","MT","Montana","$50,000 - $74,999",2013.5,24.2666666666667,40.95,36.3,16,60.1666666666667,25.7666666666667,39.2333333333333,32.9333333333333,17.4333333333333
"194","MT","Montana","$75,000 or greater",2013.5,22.0166666666667,39.6833333333333,32.2666666666667,13.8,65.9666666666667,30.7666666666667,43.8333333333333,39.2,13.35
"195","MT","Montana","Data not reported",2013.5,21.2833333333333,33.1,38.8666666666667,24.0666666666667,54.3666666666667,22.1666666666667,35.8333333333333,30.8333333333333,23.0666666666667
"196","MT","Montana","Less than $15,000",2013.5,29.4,29.7333333333333,47.5333333333333,30.8,48.4666666666667,18.7333333333333,33.8,27.5666666666667,31.4
"197","NC","North Carolina","$15,000 - $24,999",2013.5,34.3666666666667,34.3666666666667,43.6,25.4666666666667,42.3333333333333,15.4666666666667,25.7,25.1,32.65
"198","NC","North Carolina","$25,000 - $34,999",2013.5,33.7833333333333,35.15,43.5333333333333,23.4,45.5,16.9333333333333,28.2666666666667,25.5333333333333,28.3833333333333
"199","NC","North Carolina","$35,000 - $49,999",2013.5,31.3,37.8166666666667,43.1333333333333,21.9,48.9,20.1,27.6666666666667,29.0666666666667,24.1166666666667
"200","NC","North Carolina","$50,000 - $74,999",2013.5,29.6666666666667,37.3333333333333,41.6666666666667,16.2,51.3333333333333,18.3666666666667,29.3333333333333,28.9666666666667,19.5666666666667
"201","NC","North Carolina","$75,000 or greater",2013.5,24.9833333333333,39.4,35.8666666666667,13.4333333333333,58.7,26.8666666666667,34,36.8,12.4833333333333
"202","NC","North Carolina","Data not reported",2013.5,25.7666666666667,33.1833333333333,42.0666666666667,27,44.5666666666667,16.0333333333333,28.2666666666667,25.4,29.0166666666667
"203","NC","North Carolina","Less than $15,000",2013.5,35.0333333333333,32.4833333333333,51,31.1333333333333,36.8666666666667,12.4,21.4,22.1,36.6166666666667
"204","ND","North Dakota","$15,000 - $24,999",2013.5,33.05,30.6166666666667,44.1,33.2666666666667,42.1,14.0666666666667,24,23.7,32.8666666666667
"205","ND","North Dakota","$25,000 - $34,999",2013.5,32.1833333333333,35.3833333333333,41.7333333333333,28,41.6666666666667,14.2666666666667,23.8333333333333,25.0666666666667,29.4
"206","ND","North Dakota","$35,000 - $49,999",2013.5,32.4,36.55,40.0666666666667,27.7333333333333,43.9,15.1666666666667,25.7,24.5333333333333,25.3333333333333
"207","ND","North Dakota","$50,000 - $74,999",2013.5,31.7166666666667,38.4666666666667,37.9666666666667,24.1333333333333,47.5333333333333,18.7,26.2333333333333,27.5,23.0166666666667
"208","ND","North Dakota","$75,000 or greater",2013.5,29.65,40.1833333333333,38.0333333333333,21.2666666666667,52.6333333333333,21.1666666666667,30.2,31.2,17.3333333333333
"209","ND","North Dakota","Data not reported",2013.5,23.5666666666667,33.6833333333333,39.8666666666667,32.8333333333333,43.6333333333333,16.3333333333333,24.3,27.0333333333333,27.2666666666667
"210","ND","North Dakota","Less than $15,000",2013.5,33.0333333333333,30.7666666666667,42.9333333333333,37.4666666666667,43.9,15.3333333333333,23.7333333333333,28.0333333333333,33.5166666666667
"211","NE","Nebraska","$15,000 - $24,999",2013.5,32.2833333333333,33.3833333333333,43.9666666666667,29.0333333333333,44.0333333333333,15.9333333333333,26.4,25.6,32.85
"212","NE","Nebraska","$25,000 - $34,999",2013.5,32.2333333333333,35.9833333333333,42.4,27.3,46.9666666666667,16.4666666666667,27.9333333333333,25.2333333333333,28.4833333333333
"213","NE","Nebraska","$35,000 - $49,999",2013.5,32.6166666666667,36.9166666666667,40.7666666666667,24.8666666666667,49.1666666666667,17.9666666666667,30.8666666666667,26.7666666666667,24.6166666666667
"214","NE","Nebraska","$50,000 - $74,999",2013.5,31.4166666666667,38.0833333333333,39.3666666666667,21.0666666666667,50,20.4666666666667,28.2,30.3,20.6666666666667
"215","NE","Nebraska","$75,000 or greater",2013.5,27.0833333333333,39.2666666666667,34.9,17.8333333333333,58.6333333333333,26.1,33.5333333333333,36.0333333333333,13.25
"216","NE","Nebraska","Data not reported",2013.5,24.85,33.2833333333333,41.1666666666667,30.3666666666667,49,18.9333333333333,29.1666666666667,28.4,26.6333333333333
"217","NE","Nebraska","Less than $15,000",2013.5,32.25,30.2833333333333,48.0333333333333,35.5,41.6666666666667,14.8333333333333,25.7,23.5,33.5833333333333
"218","NH","New Hampshire","$15,000 - $24,999",2013.5,29.9666666666667,34.2833333333333,39.0666666666667,25.5,45.7666666666667,13.9333333333333,30.6666666666667,22.7666666666667,32.75
"219","NH","New Hampshire","$25,000 - $34,999",2013.5,28.2666666666667,34.0166666666667,35.7,21.3333333333333,49.3333333333333,16.5666666666667,30.4333333333333,26.7,27.5666666666667
"220","NH","New Hampshire","$35,000 - $49,999",2013.5,29.8333333333333,37.2,31.4666666666667,19.0333333333333,56.9,20.4,36.8,29,22.4
"221","NH","New Hampshire","$50,000 - $74,999",2013.5,29.3833333333333,37.0666666666667,33.7666666666667,15.1666666666667,56.9,24.1666666666667,34.2,32.8666666666667,19.5
"222","NH","New Hampshire","$75,000 or greater",2013.5,23.5666666666667,39,27.7333333333333,10.9666666666667,63.4666666666667,28.6,37.7333333333333,37.7666666666667,12.4
"223","NH","New Hampshire","Data not reported",2013.5,22.25,32.0666666666667,31.9333333333333,19.7666666666667,53.6,22.7666666666667,37.7,31.6666666666667,23.0333333333333
"224","NH","New Hampshire","Less than $15,000",2013.5,34.7666666666667,27.1833333333333,43.6333333333333,26.8666666666667,47.1666666666667,13.1333333333333,30.9,20.9,35.25
"225","NJ","New Jersey","$15,000 - $24,999",2013.5,29.6,36.75,39.1666666666667,28.3,42.6333333333333,16.0666666666667,27.5666666666667,24.6333333333333,36.9166666666667
"226","NJ","New Jersey","$25,000 - $34,999",2013.5,29.9166666666667,35.85,37.4333333333333,25.6333333333333,45.5,18.4,29.7333333333333,27.6,34.3166666666667
"227","NJ","New Jersey","$35,000 - $49,999",2013.5,28.6833333333333,37.55,34.5666666666667,22.2666666666667,50.3333333333333,21.9666666666667,33,30.5,28.95
"228","NJ","New Jersey","$50,000 - $74,999",2013.5,26.9166666666667,38.2333333333333,34.3666666666667,22.1333333333333,51.1,22.1666666666667,30.3,32.7,24.45
"229","NJ","New Jersey","$75,000 or greater",2013.5,23.1833333333333,38.8166666666667,32.8,16.4666666666667,57.5333333333333,26.2,33.8,37.5,16.4166666666667
"230","NJ","New Jersey","Data not reported",2013.5,21.0666666666667,32.85,32.9,23.3666666666667,49.2,20.5333333333333,32.9333333333333,29.8666666666667,29.7166666666667
"231","NJ","New Jersey","Less than $15,000",2013.5,31.85,34.3,42.8333333333333,29.8333333333333,41.3666666666667,15.8333333333333,25.7666666666667,23.7,41
"232","NM","New Mexico","$15,000 - $24,999",2013.5,29.8,34.95,43.3666666666667,24.8666666666667,49.7333333333333,18.9666666666667,30.4666666666667,28.6666666666667,28.4666666666667
"233","NM","New Mexico","$25,000 - $34,999",2013.5,28.6166666666667,36.6666666666667,39.7666666666667,23.8333333333333,51.5333333333333,21.1333333333333,33.8666666666667,30.2666666666667,25.2166666666667
"234","NM","New Mexico","$35,000 - $49,999",2013.5,28.2666666666667,37.6833333333333,38.7,19.3,54.8333333333333,23.2666666666667,34.9666666666667,32.7333333333333,21.5833333333333
"235","NM","New Mexico","$50,000 - $74,999",2013.5,28.4833333333333,38.0333333333333,36.2333333333333,16.2333333333333,61,26.6,37.7,36.1666666666667,15.45
"236","NM","New Mexico","$75,000 or greater",2013.5,23.2833333333333,39.2,34.4666666666667,14.3666666666667,63.2333333333333,29.9,40.2333333333333,39.7,12.25
"237","NM","New Mexico","Data not reported",2013.5,23.4666666666667,32,42.6333333333333,23.7,52.4333333333333,23.2666666666667,35.5,32.8333333333333,25.7166666666667
"238","NM","New Mexico","Less than $15,000",2013.5,31.4666666666667,33.1666666666667,45.8,30.7,46.8,17.1,31.0666666666667,25.1666666666667,32.4333333333333
"239","NV","Nevada","$15,000 - $24,999",2013.5,26.5333333333333,38.7833333333333,38.0666666666667,25.7333333333333,46.6666666666667,20.3333333333333,31.8333333333333,28.3,30.1
"240","NV","Nevada","$25,000 - $34,999",2013.5,28.4833333333333,38.0666666666667,37.5,22.0666666666667,50.9,20.9,30.6,28.9333333333333,26.85
"241","NV","Nevada","$35,000 - $49,999",2013.5,27.05,36.3833333333333,38.5333333333333,20.3666666666667,53.1,23.3,34.1,33.2,24.2
"242","NV","Nevada","$50,000 - $74,999",2013.5,26.85,39.0666666666667,35.7666666666667,19.3333333333333,58.1666666666667,27.7,38.4,38.9666666666667,18.8666666666667
"243","NV","Nevada","$75,000 or greater",2013.5,24.2,39.7833333333333,33.1333333333333,14.0666666666667,61.4,30.5666666666667,40.2333333333333,41.3,13.3
"244","NV","Nevada","Data not reported",2013.5,24.6833333333333,29.0833333333333,35.2333333333333,24.7333333333333,51.3333333333333,19.5666666666667,32.9,26.4333333333333,26.1166666666667
"245","NV","Nevada","Less than $15,000",2013.5,29.1333333333333,33.5166666666667,40,29.8,47.7666666666667,13.6666666666667,29.5666666666667,21.9,33.8666666666667
"246","NY","New York","$15,000 - $24,999",2013.5,28.8666666666667,34.2333333333333,39.8666666666667,27.3,42.0666666666667,16.0333333333333,25.3,26,36.1166666666667
"247","NY","New York","$25,000 - $34,999",2013.5,26.3833333333333,36.3333333333333,33.8333333333333,23.1333333333333,45.2666666666667,17.3666666666667,28.7,26.9333333333333,30.7833333333333
"248","NY","New York","$35,000 - $49,999",2013.5,27.4333333333333,35.4833333333333,34.3333333333333,21.7333333333333,47.6,20.1333333333333,30.0666666666667,29.9,27.4666666666667
"249","NY","New York","$50,000 - $74,999",2013.5,25.1,37.5166666666667,33.5,19.5666666666667,52.2666666666667,21.9,31.3,31.4333333333333,22.4666666666667
"250","NY","New York","$75,000 or greater",2013.5,21.35,37.05,31.6333333333333,15.7333333333333,56,25.7333333333333,34.2333333333333,36.4666666666667,15.85
"251","NY","New York","Data not reported",2013.5,21.6666666666667,34.2,35.3,26.3,46,17.9666666666667,29.0666666666667,28.1666666666667,28.8333333333333
"252","NY","New York","Less than $15,000",2013.5,31.5833333333333,31.3,42.3333333333333,32.4333333333333,40.8,15.1333333333333,24.8,22.7333333333333,38.2333333333333
"253","OH","Ohio","$15,000 - $24,999",2013.5,33.6666666666667,32.65,45.6666666666667,33.2,45.1333333333333,16.2,29.7666666666667,24.8666666666667,35.8666666666667
"254","OH","Ohio","$25,000 - $34,999",2013.5,31.45,34.3333333333333,43.0333333333333,26.4,47.1666666666667,16.5666666666667,30.4333333333333,26.1,30.9333333333333
"255","OH","Ohio","$35,000 - $49,999",2013.5,33.1833333333333,35.5,43.6,24.7666666666667,50.0333333333333,19.4666666666667,33.3,28.1333333333333,25.9666666666667
"256","OH","Ohio","$50,000 - $74,999",2013.5,32.8333333333333,36.0833333333333,38.2333333333333,20.4666666666667,54.9666666666667,21.4666666666667,33.3666666666667,31.0333333333333,20.5333333333333
"257","OH","Ohio","$75,000 or greater",2013.5,25.9833333333333,39.8,35.7333333333333,17.0333333333333,58.7666666666667,26.3666666666667,35.3666666666667,36.7333333333333,14.8666666666667
"258","OH","Ohio","Data not reported",2013.5,26,33.8666666666667,42.4333333333333,29.1333333333333,48.3333333333333,18.6666666666667,32.2333333333333,27.6666666666667,29.6666666666667
"259","OH","Ohio","Less than $15,000",2013.5,35.5,30.25,50.6333333333333,38.9666666666667,38.7,14.6333333333333,27.0333333333333,23.9666666666667,39.2
"260","OK","Oklahoma","$15,000 - $24,999",2013.5,35.7666666666667,32.6166666666667,53.3333333333333,30.8333333333333,40.9,12.0333333333333,25.6333333333333,18.7,37.3333333333333
"261","OK","Oklahoma","$25,000 - $34,999",2013.5,32.0833333333333,35.2,50.3,27.5666666666667,43.4,15.5,27.3,25,32.9833333333333
"262","OK","Oklahoma","$35,000 - $49,999",2013.5,35.1333333333333,36.05,51.2,24.3,45.0333333333333,14.9,26.7,22.8333333333333,29.9166666666667
"263","OK","Oklahoma","$50,000 - $74,999",2013.5,33.8,38.1666666666667,46.6666666666667,20.2,49.1,18.3,30.1,27.0333333333333,25.7333333333333
"264","OK","Oklahoma","$75,000 or greater",2013.5,29.65,38.1166666666667,45.5333333333333,17.7,53.7,23.4333333333333,31.2,33.3,18
"265","OK","Oklahoma","Data not reported",2013.5,26.8333333333333,34.85,52.0333333333333,27.5333333333333,41.3333333333333,14.0333333333333,26.2333333333333,22.9666666666667,34.15
"266","OK","Oklahoma","Less than $15,000",2013.5,35.7333333333333,29.5166666666667,57.8,36.0333333333333,37.0333333333333,11.8,24.5333333333333,19.2333333333333,41.4666666666667
"267","OR","Oregon","$15,000 - $24,999",2013.5,30.85,32.4166666666667,39.2,19.8333333333333,55.5333333333333,18.2333333333333,37.6,25.8,25.0833333333333
"268","OR","Oregon","$25,000 - $34,999",2013.5,29.1666666666667,35.3333333333333,36.9333333333333,16.0666666666667,59,20.3666666666667,39.2666666666667,26.8333333333333,21.2833333333333
"269","OR","Oregon","$35,000 - $49,999",2013.5,30.2666666666667,35.4666666666667,30.6,13.0666666666667,63.5666666666667,23.9666666666667,41.9666666666667,30.7333333333333,18.35
"270","OR","Oregon","$50,000 - $74,999",2013.5,27.25,36.9666666666667,32.9666666666667,12.4,64,23.9,42.8,32.4333333333333,14.1
"271","OR","Oregon","$75,000 or greater",2013.5,24.1,36.3166666666667,27.3666666666667,10.0666666666667,70.5,30.5666666666667,46.0333333333333,38.1666666666667,8.5
"272","OR","Oregon","Data not reported",2013.5,24.1833333333333,29.55,34.8,20.9333333333333,58.7333333333333,23.0333333333333,39.5666666666667,30.4,19.0833333333333
"273","OR","Oregon","Less than $15,000",2013.5,33.9666666666667,29.7833333333333,43.6333333333333,27.7666666666667,52.7,18.9666666666667,35.3666666666667,25.9333333333333,28.5166666666667
"274","PA","Pennsylvania","$15,000 - $24,999",2013.5,33.7666666666667,33.5333333333333,41.5333333333333,31.3333333333333,43.8333333333333,15.0666666666667,28.4333333333333,22.9333333333333,34.0833333333333
"275","PA","Pennsylvania","$25,000 - $34,999",2013.5,33.1666666666667,34.1666666666667,37.0333333333333,26.8,44.5,14.2,27.6,22.9,30.6833333333333
"276","PA","Pennsylvania","$35,000 - $49,999",2013.5,31.6833333333333,36.4666666666667,37.6333333333333,23.1666666666667,48.8666666666667,18.2666666666667,31.8333333333333,28.9,25
"277","PA","Pennsylvania","$50,000 - $74,999",2013.5,31.8,35.95,37.7666666666667,21.9,48.5333333333333,19.1,28.9666666666667,29.1,22.6666666666667
"278","PA","Pennsylvania","$75,000 or greater",2013.5,24.6666666666667,38.5,31.4666666666667,15.8,56.9333333333333,24.9666666666667,33.1666666666667,37.1666666666667,14.0833333333333
"279","PA","Pennsylvania","Data not reported",2013.5,24.6,33.3333333333333,39.4,27.9666666666667,47.9,19.3,30.1666666666667,27.8333333333333,26.7833333333333
"280","PA","Pennsylvania","Less than $15,000",2013.5,36.2333333333333,29.4833333333333,47.4333333333333,35.8666666666667,42.0666666666667,12.9666666666667,26.3,21.1,37.5
"281","PR","Puerto Rico","$15,000 - $24,999",2014.5,30.825,38.35,52.8,20.5,34.5,8.6,16.4,12.5,41.6
"282","PR","Puerto Rico","$25,000 - $34,999",2014.5,25,43.65,46.8,24.5,41,15,22.1,20.4,36.2666666666667
"283","PR","Puerto Rico","$35,000 - $49,999",2014.5,29.275,41.3,47.1,16.9,42,15.8,22.1,20.8,29.7666666666667
"284","PR","Puerto Rico","$50,000 - $74,999",2014.5,29.725,41.925,50.8,23.2,45.3,15.6,20.7,21.7,30.3333333333333
"285","PR","Puerto Rico","$75,000 or greater",2014.5,24.075,40.45,41.5,14.4,49.7,21.1,22.6,25.9,22.8
"286","PR","Puerto Rico","Data not reported",2014.5,26.15,33,60.4,27.5,34.1,7.3,18.4,8.8,45.6
"287","PR","Puerto Rico","Less than $15,000",2014.5,30.525,36.575,58.9,27,29.7,4.5,15,6.2,49
"288","RI","Rhode Island","$15,000 - $24,999",2013.5,29.9166666666667,34.8833333333333,37.8333333333333,27.6666666666667,39.9,14.5,25.3333333333333,22.1,36.9666666666667
"289","RI","Rhode Island","$25,000 - $34,999",2013.5,30.45,35.7166666666667,37.1,24.1333333333333,43.4,13.5666666666667,28.0666666666667,23.1,32.1833333333333
"290","RI","Rhode Island","$35,000 - $49,999",2013.5,27.75,37.9666666666667,36.3333333333333,23.5333333333333,47.1,17.5,27.2333333333333,27.7666666666667,27.6166666666667
"291","RI","Rhode Island","$50,000 - $74,999",2013.5,28.1333333333333,38.15,33.2,20.1,53.3666666666667,19.9666666666667,30.7,29.6,20.35
"292","RI","Rhode Island","$75,000 or greater",2013.5,22.6833333333333,39.6166666666667,29.8333333333333,12.8,58.1,26.1333333333333,33.5666666666667,36.4333333333333,13.4833333333333
"293","RI","Rhode Island","Data not reported",2013.5,22.2166666666667,34.75,37.4,27.2,48.4666666666667,19.8,29.4333333333333,28.0666666666667,28.1333333333333
"294","RI","Rhode Island","Less than $15,000",2013.5,32.45,32.3,43.7666666666667,30.7666666666667,40.6666666666667,14.7333333333333,27.1333333333333,23.1,37.9833333333333
"295","SC","South Carolina","$15,000 - $24,999",2013.5,35.4666666666667,32.6833333333333,47.6666666666667,32.8666666666667,43.9666666666667,14.4666666666667,27.7666666666667,22.3666666666667,34.2666666666667
"296","SC","South Carolina","$25,000 - $34,999",2013.5,33.9,33.9833333333333,46.0666666666667,27.8666666666667,45.8333333333333,17.2666666666667,27.6666666666667,26.3666666666667,28.85
"297","SC","South Carolina","$35,000 - $49,999",2013.5,32.5333333333333,36.3833333333333,48.2333333333333,24.3333333333333,50.7666666666667,17.8333333333333,31.6666666666667,26.6,24.65
"298","SC","South Carolina","$50,000 - $74,999",2013.5,31.4666666666667,37.0833333333333,43.8,19.3666666666667,52.8333333333333,20.8,31,31,20.85
"299","SC","South Carolina","$75,000 or greater",2013.5,26.8833333333333,38.8833333333333,39.7333333333333,14.9333333333333,60.8,26.0333333333333,36.5333333333333,35.9666666666667,13.7333333333333
"300","SC","South Carolina","Data not reported",2013.5,26.2,33.3,45.6333333333333,33.2333333333333,49.4666666666667,18.8666666666667,31.9333333333333,28.4666666666667,28.0833333333333
"301","SC","South Carolina","Less than $15,000",2013.5,38.3833333333333,29.5,51.2333333333333,38.8333333333333,38.6666666666667,13.3333333333333,25.2666666666667,20.8666666666667,39.6333333333333
"302","SD","South Dakota","$15,000 - $24,999",2013.5,31.4333333333333,33.35,41.0333333333333,31.2333333333333,49.2,17.1,31.3333333333333,27.5333333333333,28.0333333333333
"303","SD","South Dakota","$25,000 - $34,999",2013.5,30.9166666666667,36.9333333333333,49.6,27.1666666666667,49.8666666666667,16.9333333333333,31.7,25.4666666666667,25.3833333333333
"304","SD","South Dakota","$35,000 - $49,999",2013.5,29.7166666666667,37.95,39.2333333333333,22.8333333333333,49.1666666666667,17.2333333333333,30.2,27.7333333333333,24.1833333333333
"305","SD","South Dakota","$50,000 - $74,999",2013.5,31.6333333333333,38.6666666666667,40.8333333333333,24.4333333333333,49.9666666666667,16.8333333333333,28.1666666666667,25.6666666666667,19.15
"306","SD","South Dakota","$75,000 or greater",2013.5,28.3333333333333,38.8333333333333,36.6,19.8333333333333,59.3,22.4,35.0333333333333,31.5,14.8666666666667
"307","SD","South Dakota","Data not reported",2013.5,23.35,33.3666666666667,36.5666666666667,26.4666666666667,47.6666666666667,15.1,29.4666666666667,25.3333333333333,24.6666666666667
"308","SD","South Dakota","Less than $15,000",2013.5,32.1666666666667,31.7333333333333,48.6,36.3666666666667,46.9333333333333,16.4,30.5,26.6333333333333,30.6333333333333
"309","TN","Tennessee","$15,000 - $24,999",2013.5,34.8333333333333,32.3,46.8333333333333,27.9666666666667,36.1,11.3,22,19.5666666666667,39.8166666666667
"310","TN","Tennessee","$25,000 - $34,999",2013.5,34.5333333333333,33.7666666666667,45.6333333333333,25.8666666666667,39.5666666666667,12.5333333333333,24.3333333333333,20.8,34.7166666666667
"311","TN","Tennessee","$35,000 - $49,999",2013.5,32.3,38.05,44.8,19.5666666666667,44.2666666666667,14.6666666666667,26.3333333333333,23.5666666666667,28.0333333333333
"312","TN","Tennessee","$50,000 - $74,999",2013.5,33.55,39.1166666666667,41.8666666666667,17.3666666666667,43.9,17.3666666666667,24.5666666666667,27.0666666666667,23.35
"313","TN","Tennessee","$75,000 or greater",2013.5,28.6833333333333,38.3833333333333,40.3,16.4,51.3666666666667,20.8666666666667,26.5333333333333,29.7,15.8166666666667
"314","TN","Tennessee","Data not reported",2013.5,28.2333333333333,34.6833333333333,46.1,25.0666666666667,38.5,12.7,22.1,19.5333333333333,34.5833333333333
"315","TN","Tennessee","Less than $15,000",2013.5,36.95,29.1333333333333,53.2,37.6,30.1333333333333,8.7,20.1333333333333,17.6666666666667,43.7333333333333
"316","TX","Texas","$15,000 - $24,999",2013.5,34.4166666666667,35.2333333333333,44,25.4666666666667,39.0333333333333,12.5666666666667,22.0666666666667,21.3,36.35
"317","TX","Texas","$25,000 - $34,999",2013.5,32.7833333333333,36.2166666666667,42.5333333333333,21.3,40,16.3,22.9333333333333,25.3,32.3833333333333
"318","TX","Texas","$35,000 - $49,999",2013.5,32.4833333333333,35.5666666666667,40.2,20.1,46.0666666666667,19.2666666666667,26.1333333333333,29.9333333333333,26.3
"319","TX","Texas","$50,000 - $74,999",2013.5,32.4666666666667,36.35,41.1333333333333,18.2,48.9666666666667,20.4,29.2333333333333,31.1,21.75
"320","TX","Texas","$75,000 or greater",2013.5,26.7,38.8833333333333,38.2666666666667,14.7333333333333,53.6666666666667,24.8333333333333,29.6666666666667,36.6,15.4166666666667
"321","TX","Texas","Data not reported",2013.5,26.75,32.55,42.3,23.1,42.6666666666667,17.9333333333333,25.6333333333333,28.3333333333333,30.8333333333333
"322","TX","Texas","Less than $15,000",2013.5,39.75,30.7666666666667,47.6333333333333,28.1666666666667,36.2333333333333,12.8,21.5333333333333,21.9666666666667,41.2833333333333
"323","US","National","$15,000 - $24,999",2013.5,32.3333333333333,33.8666666666667,42.0666666666667,27.6666666666667,44.2666666666667,15.8333333333333,27.7,24.6333333333333,33.5333333333333
"324","US","National","$25,000 - $34,999",2013.5,30.6,35.7833333333333,40.0666666666667,24.3666666666667,47.3,17.6666666666667,29.8333333333333,26.7666666666667,29.2166666666667
"325","US","National","$35,000 - $49,999",2013.5,30.0833333333333,36.65,38.7,21.6333333333333,50.7,19.6333333333333,31.4666666666667,29.0333333333333,24.6
"326","US","National","$50,000 - $74,999",2013.5,29.3833333333333,37.35,37.5666666666667,19,53.6333333333333,21.7333333333333,32.6,31.5,20.45
"327","US","National","$75,000 or greater",2013.5,24.2,38.2,33.6666666666667,15.0333333333333,59.5666666666667,26.7333333333333,35.5666666666667,37,13.8666666666667
"328","US","National","Data not reported",2013.5,24.1666666666667,32.8666666666667,39.8,25.7333333333333,48.4,19.0333333333333,31.1,28,27.9
"329","US","National","Less than $15,000",2013.5,34.0666666666667,30.65,46,32.2,41.9666666666667,14.5,26.7666666666667,23.1,36.95
"330","UT","Utah","$15,000 - $24,999",2013.5,26.4833333333333,32.55,40.8666666666667,24.7666666666667,47.7,17.5,30.3,27.1666666666667,26.8166666666667
"331","UT","Utah","$25,000 - $34,999",2013.5,27.4333333333333,35.0166666666667,38.5666666666667,22.4666666666667,52.5666666666667,20.0666666666667,34,30.2333333333333,22.4
"332","UT","Utah","$35,000 - $49,999",2013.5,27.9333333333333,34.7833333333333,36.8,20.5,52.1,20.8,31.8666666666667,30.4,19.15
"333","UT","Utah","$50,000 - $74,999",2013.5,26.2666666666667,36.3666666666667,35.3,18.0666666666667,56.3333333333333,23.8333333333333,32.1666666666667,33.5666666666667,15.1833333333333
"334","UT","Utah","$75,000 or greater",2013.5,22.4166666666667,37.35,30.3666666666667,13.6,63.2,29.1333333333333,38,39.1,10.45
"335","UT","Utah","Data not reported",2013.5,19.95,30,39.7,26.8,52.7,21.1,32.7333333333333,31.4,22.8
"336","UT","Utah","Less than $15,000",2013.5,27.1166666666667,28.05,45.3,27.6333333333333,49.6666666666667,19.6,30.4333333333333,29.8,24.6333333333333
"337","VA","Virginia","$15,000 - $24,999",2013.5,32.85,32.5833333333333,44.2333333333333,31.2333333333333,40.6,14.5666666666667,26.8666666666667,25.6666666666667,36.9
"338","VA","Virginia","$25,000 - $34,999",2013.5,31.0166666666667,35.15,41.4,24.2,45.6666666666667,17.8333333333333,27.8333333333333,27.2333333333333,30.4333333333333
"339","VA","Virginia","$35,000 - $49,999",2013.5,30.7833333333333,36.3,41.3666666666667,21.7666666666667,50.4333333333333,20.5,34.0333333333333,31.0333333333333,25.4833333333333
"340","VA","Virginia","$50,000 - $74,999",2013.5,28.25,39.35,34.8666666666667,18.9,52.6666666666667,24.9333333333333,31.1666666666667,35.8,21.3
"341","VA","Virginia","$75,000 or greater",2013.5,24.7,38.95,34.4666666666667,13.8,61.6,30,35.9333333333333,39.5,13.2166666666667
"342","VA","Virginia","Data not reported",2013.5,24.0166666666667,31.9333333333333,37.0666666666667,25.4333333333333,49.6666666666667,18.9666666666667,32.6333333333333,30.2333333333333,26.65
"343","VA","Virginia","Less than $15,000",2013.5,37.1333333333333,27.9166666666667,48.0666666666667,35.8,40.2333333333333,13.7666666666667,28.2333333333333,24.0666666666667,39.0166666666667
"344","VT","Vermont","$15,000 - $24,999",2013.5,30.75,32.6333333333333,37.8,24.9333333333333,50.2,15.3,34.5333333333333,22.1666666666667,30.1666666666667
"345","VT","Vermont","$25,000 - $34,999",2013.5,27.7666666666667,35.7666666666667,35.1666666666667,17.5666666666667,55.9333333333333,18,37.9333333333333,26.5333333333333,24.1
"346","VT","Vermont","$35,000 - $49,999",2013.5,26.6833333333333,36.6,31.8,17.5333333333333,56.9333333333333,21.5333333333333,37.7666666666667,29.9,20.95
"347","VT","Vermont","$50,000 - $74,999",2013.5,25.9,37.9,30.3,14.2666666666667,62.0333333333333,24.3,39.4333333333333,30.9,15.25
"348","VT","Vermont","$75,000 or greater",2013.5,20.3166666666667,37.4,26.6,9.76666666666667,67.8333333333333,29.6,44.3,37.0333333333333,10.45
"349","VT","Vermont","Data not reported",2013.5,21.7,32.8833333333333,33.8333333333333,20.3,57.1666666666667,20.4,39.9333333333333,27.5,22.9
"350","VT","Vermont","Less than $15,000",2013.5,29.9166666666667,31.1,44.8,31.1,48.3,17,34.5666666666667,26.1333333333333,31.0333333333333
"351","WA","Washington","$15,000 - $24,999",2013.5,30.55,34.6666666666667,40.2666666666667,23.7,47.6333333333333,16.4333333333333,30.8666666666667,27.5333333333333,26.8
"352","WA","Washington","$25,000 - $34,999",2013.5,28.2833333333333,37.1,38.1333333333333,19.4,52.2,18.9333333333333,36.1,28.5666666666667,24.5833333333333
"353","WA","Washington","$35,000 - $49,999",2013.5,29.3833333333333,34.6,36.4,17.0333333333333,55.6,20.7666666666667,35.1666666666667,29.3666666666667,20.3166666666667
"354","WA","Washington","$50,000 - $74,999",2013.5,28.4666666666667,37.4333333333333,33.6,14.6333333333333,59.1333333333333,22.6666666666667,37.7333333333333,31.9666666666667,15.9166666666667
"355","WA","Washington","$75,000 or greater",2013.5,23.9333333333333,37.1,31.4333333333333,12.2666666666667,62.9333333333333,26.4,38.9,36.3333333333333,11.4
"356","WA","Washington","Data not reported",2013.5,23.15,31.1666666666667,38.5,22.6333333333333,55,21.6333333333333,35.5,29.6333333333333,22.3166666666667
"357","WA","Washington","Less than $15,000",2013.5,33.1166666666667,29.4,43.3,28.9,47.5,17.3,31.2,26.4666666666667,30.7666666666667
"358","WI","Wisconsin","$15,000 - $24,999",2013.5,32.4,32.4166666666667,40.8,32.4666666666667,48.9333333333333,18.5333333333333,30.7666666666667,27.3,32.3
"359","WI","Wisconsin","$25,000 - $34,999",2013.5,32.5833333333333,35.8666666666667,39.4333333333333,27.9666666666667,51.1666666666667,19.5,33.1333333333333,26.6333333333333,26.9166666666667
"360","WI","Wisconsin","$35,000 - $49,999",2013.5,30.4333333333333,38.4333333333333,35.2666666666667,23.4,58.5,19.4666666666667,36.7,26.4,20.6666666666667
"361","WI","Wisconsin","$50,000 - $74,999",2013.5,30.1166666666667,37.8,36.4,20.3333333333333,59.4,22.0666666666667,35.1,30.7,16.4833333333333
"362","WI","Wisconsin","$75,000 or greater",2013.5,27.05,38.4333333333333,32.9666666666667,19.4333333333333,60.8333333333333,25.3666666666667,36.2666666666667,33.3666666666667,12.7666666666667
"363","WI","Wisconsin","Data not reported",2013.5,26.7,35.5,34.4666666666667,28.4,56.0666666666667,20.4333333333333,38.4666666666667,29.5666666666667,23.7166666666667
"364","WI","Wisconsin","Less than $15,000",2013.5,34.0833333333333,29.25,45.9333333333333,33.5,47,16.7,28.4333333333333,25.1333333333333,32.5666666666667
"365","WV","West Virginia","$15,000 - $24,999",2013.5,37.6833333333333,31.8166666666667,51.2666666666667,29.6333333333333,40.6666666666667,9.9,26.5,16.2333333333333,37.2
"366","WV","West Virginia","$25,000 - $34,999",2013.5,38.4333333333333,33.9833333333333,46.3666666666667,24.8333333333333,47.1,12.1333333333333,30.6,18.8333333333333,32.7
"367","WV","West Virginia","$35,000 - $49,999",2013.5,34.6166666666667,38.7,46.0666666666667,24.3,48.2,14,31.6,21.0666666666667,27.8666666666667
"368","WV","West Virginia","$50,000 - $74,999",2013.5,36.6,37.85,43.1333333333333,21.2,50.1666666666667,14.9,31.7,21.9,24.5666666666667
"369","WV","West Virginia","$75,000 or greater",2013.5,32.9333333333333,38.8,39.8,16.7,53.9666666666667,19.8,33.3,28.4333333333333,18.4833333333333
"370","WV","West Virginia","Data not reported",2013.5,30.3333333333333,32.2666666666667,49.2333333333333,27.4,45.4333333333333,11.6666666666667,30.5,17.6333333333333,34.0333333333333
"371","WV","West Virginia","Less than $15,000",2013.5,36.3833333333333,29.2,58.7666666666667,35.3,38,8.76666666666667,26.8333333333333,14.6666666666667,41.85
"372","WY","Wyoming","$15,000 - $24,999",2013.5,30.3,33.1166666666667,44.1,26.5666666666667,48.3333333333333,18.7333333333333,33.7333333333333,26.9666666666667,31.7166666666667
"373","WY","Wyoming","$25,000 - $34,999",2013.5,26.1833333333333,36.4833333333333,40.7,24.1333333333333,50.8666666666667,20.6,34.4666666666667,28.4333333333333,27.2
"374","WY","Wyoming","$35,000 - $49,999",2013.5,28.0833333333333,38.1833333333333,42,19.9,54.4333333333333,20.7666666666667,34.4666666666667,30.2333333333333,23.1666666666667
"375","WY","Wyoming","$50,000 - $74,999",2013.5,28.7,38.8,39.3333333333333,19.3666666666667,57.2333333333333,22.5,35.0666666666667,31.1666666666667,20.5833333333333
"376","WY","Wyoming","$75,000 or greater",2013.5,24.9833333333333,39.9833333333333,36.5333333333333,16.2666666666667,59.7,26.3666666666667,37.8666666666667,35.0666666666667,16.1666666666667
"377","WY","Wyoming","Data not reported",2013.5,25.0166666666667,33.5833333333333,40.5333333333333,24.4666666666667,50.4,18.5333333333333,32.7333333333333,24.6,27.1666666666667
"378","WY","Wyoming","Less than $15,000",2013.5,30.6166666666667,28.9333333333333,43.5333333333333,26.3333333333333,45.6,16.7,32.4,28.1,34.0666666666667
